No.,ID,TIMESTAMP
1,29556,1778330483
2,7223,1778330484
3,26743,1778330485
4,17951,1778330486
5,17043,1778330487
6,19505,1778330488
7,15979,1778330489
8,4058,1778330490
9,25672,1778330491
10,18497,1778330492
11,12599,1778330493
12,18094,1778330494
13,27438,1778330495
14,18929,1778330496
15,2547,1778330497
16,3592,1778330498
17,10194,1778330499
18,17508,1778330500
19,13863,1778330501
20,19817,1778330502
21,27605,1778330503
22,6863,1778330504
23,19002,1778330505
24,9973,1778330506
25,5607,1778330507
26,16934,1778330508
27,15808,1778330509
28,16809,1778330510
29,9767,1778330511
30,17746,1778330512
31,18992,1778330513
32,25891,1778330514
33,25063,1778330515
34,5962,1778330516
35,8928,1778330517
36,8144,1778330518
37,22648,1778330519
38,7251,1778330520
39,6834,1778330521
40,17340,1778330522
41,9607,1778330523
42,15969,1778330524
43,26320,1778330525
44,17823,1778330526
45,21372,1778330527
46,15148,1778330528
47,29242,1778330529
48,23376,1778330530
49,20703,1778330531
50,29867,1778330532
51,15119,1778330533
52,7284,1778330534
53,17937,1778330535
54,24216,1778330536
55,17446,1778330537
56,28199,1778330538
57,7285,1778330539
58,18273,1778330540
59,29887,1778330541
60,26100,1778330542
61,20266,1778330543
62,26211,1778330544
63,1610,1778330545
64,25639,1778330546
65,13225,1778330547
66,19686,1778330548
67,6849,1778330549
68,17671,1778330550
69,18349,1778330551
70,7770,1778330552
71,27138,1778330553
72,11050,1778330554
73,8545,1778330555
74,8660,1778330556
75,1256,1778330557
76,18379,1778330558
77,24462,1778330559
78,28792,1778330560
79,29193,1778330561
80,18888,1778330562
81,22155,1778330563
82,27512,1778330564
83,20909,1778330565
84,16586,1778330566
85,11201,1778330567
86,6220,1778330568
87,28277,1778330569
88,20261,1778330570
89,10866,1778330571
90,7249,1778330572
91,22497,1778330573
92,26877,1778330574
93,8293,1778330575
94,25724,1778330576
95,8889,1778330577
96,2525,1778330578
97,23900,1778330579
98,12843,1778330580
99,28077,1778330581
100,17327,1778330582
101,514,1778330583
102,25054,1778330584
103,11408,1778330585
104,9500,1778330586
105,6191,1778330587
106,7501,1778330588
107,26740,1778330589
108,19265,1778330590
109,26104,1778330591
110,19616,1778330592
111,5511,1778330593
112,26931,1778330594
113,27079,1778330595
114,34,1778330596
115,26901,1778330597
116,13582,1778330598
117,27202,1778330599
118,13321,1778330600
119,3533,1778330601
120,26652,1778330602
121,7988,1778330603
122,19152,1778330604
123,8344,1778330605
124,22339,1778330606
125,12428,1778330607
126,13471,1778330608
127,15050,1778330609
128,22426,1778330610
129,20630,1778330611
130,22148,1778330612
131,3292,1778330613
132,14295,1778330614
133,2910,1778330615
134,11761,1778330616
135,20794,1778330617
136,7534,1778330618
137,11082,1778330619
138,14849,1778330620
139,17113,1778330621
140,19629,1778330622
141,26628,1778330623
142,18047,1778330624
143,438,1778330625
144,16312,1778330626
145,1828,1778330627
146,10790,1778330628
147,28872,1778330629
148,13988,1778330630
149,29409,1778330631
150,16651,1778330632
151,16517,1778330633
152,123,1778330634
153,20589,1778330635
154,10093,1778330636
155,12144,1778330637
156,1463,1778330638
157,25700,1778330639
158,1161,1778330640
159,6888,1778330641
160,22119,1778330642
161,27231,1778330643
162,6228,1778330644
163,7912,1778330645
164,3965,1778330646
165,12225,1778330647
166,16751,1778330648
167,3653,1778330649
168,27510,1778330650
169,19018,1778330651
170,3974,1778330652
171,10696,1778330653
172,355,1778330654
173,17596,1778330655
174,20367,1778330656
175,6238,1778330657
176,1421,1778330658
177,29634,1778330659
178,23848,1778330660
179,10126,1778330661
180,5026,1778330662
181,8267,1778330663
182,21301,1778330664
183,10047,1778330665
184,17087,1778330666
185,27492,1778330667
186,9486,1778330668
187,3106,1778330669
188,5728,1778330670
189,21143,1778330671
190,28873,1778330672
191,8070,1778330673
192,11217,1778330674
193,18549,1778330675
194,18773,1778330676
195,19695,1778330677
196,3808,1778330678
197,1867,1778330679
198,14893,1778330680
199,809,1778330681
200,1804,1778330682
